Month,TotalSales
1.0,76690.949354257
2.0,3635.830166666
3.0,4700.939916671
4.0,4685.297000002
5.0,4525.121499997
6.0,4215.45016667
7.0,4399.198750003
8.0,4278.294500007
9.0,4117.297000005
10.0,4196.72983334
11.0,3943.150166668
12.0,4057.25958334
,4149.985750006
